{"count":1,"self":4.2031608,"total":33.793167,"children":{"InitializeActuators":{"count":1,"self":0.0014709999999999999,"total":0.0014709999999999999,"children":null},"InitializeSensors":{"count":1,"self":0.0040409999999999995,"total":0.0040409999999999995,"children":null},"AgentSendState":{"count":3165,"self":0.045263,"total":7.03984,"children":{"CollectObservations":{"count":188,"self":0.00066599999999999993,"total":0.00066599999999999993,"children":null},"WriteActionMask":{"count":188,"self":0.0010659999999999999,"total":0.0010659999999999999,"children":null},"RequestDecision":{"count":188,"self":0.004411,"total":6.992845,"children":{"AgentInfo.ToProto":{"count":188,"self":0.004972,"total":6.988434,"children":{"GenerateSensorData":{"count":188,"self":0.107848,"total":6.9834619999999994,"children":{"RayPerceptionSensor.Perceive":{"count":564,"self":0.0030039999999999997,"total":0.0030039999999999997,"children":null},"RenderTextureSensor.GetCompressedObservation":{"count":188,"self":6.8726096,"total":6.87261,"children":null}}}}}}}}},"DecideAction":{"count":3165,"self":22.279641599999998,"total":22.279640999999998,"children":null},"AgentAct":{"count":3165,"self":0.263992,"total":0.263992,"children":null}},"gauges":{},"metadata":{"timer_format_version":"0.1.0","start_time_seconds":"1707782592","unity_version":"2020.3.21f1","command_line_arguments":"\/home\/ether\/Documents\/Robotics_Navigation\/underwater_env\/water\/water.x86_64 --mlagents-port 5005","communication_protocol_version":"1.5.0","com.unity.ml-agents_version":"2.0.1","scene_name":"Test2Scene","end_time_seconds":"1707782625"}}